{
    "accuracy": 0.9667565139263252,
    "precision": 0.9682443685722689,
    "recall": 0.9667565139263252
}
